466097888,jeep
3081398099,ford
334026180,toyota
2252765156,jeep
1074515910,lexus
33036192,jeep
3019226302,jeep
251949699,chevrolet
59308387,jeep
2594004422,jeep
55638426,honda
2770482755,lexus
406651630,kia
1003275061,honda
326516958,jeep
634723811,jeep
18795340,jeep
2724164751,jeep
510897547,jeep
590905582,jeep
452588690,ford
499114451,jeep
381657314,jeep
84893441,honda
2355957708,honda
473102753,toyota
2739230621,jeep
491911166,audi
2810632857,ford
172033840,jeep
1707884574,jeep
2749613037,jeep
2711797731,jeep
350917256,jeep
301772664,ford
553150600,jeep
2614214899,jeep
120497839,jeep
2934724113,jeep
2826781055,ford
210189787,jeep
2245975772,jeep
182450251,honda
336806496,nissan
83206433,jeep
2872148654,lexus
382285805,jeep
301634014,jeep
2266249610,nissan
465791325,bmw
262539161,mazda
185413131,jeep
190554790,audi
2955668760,jeep
436912351,ford
328753812,audi
35223150,honda
119208777,hyundai
73479567,honda
1090761858,jeep
1082918744,jeep
233131712,jeep
22914919,bmw
704332276,jeep
47181860,mazda
2918027018,jeep
2603072604,honda
364548954,jeep
2512879982,audi
1601753971,jeep
122512022,bmw
499936341,ford
595595644,jeep
461238292,jeep
2939067156,jeep
373887125,bmw
561761430,audi
3081710078,audi
2255310069,jeep
367097057,nissan
137788209,audi
64263568,jeep
1199071820,ford
17461168,ford
14818663,honda
1063352394,bmw
737922949,jeep
1393024026,ford
28567125,bmw
1327763706,bmw
125560182,honda
124942562,nissan
44696252,audi
143914321,jeep
356363664,jeep
421925854,jeep
2935659978,jeep
404988855,jeep
21309506,toyota
242605596,lexus
374292868,bmw
412754352,jeep
24910812,jeep
917939642,jeep
915726139,jeep
2224355247,audi
3014692240,honda
26992668,honda
60474363,jeep
57446744,ford
268569388,jeep
131644414,kia
303298143,jeep
346652731,jeep
128748931,jeep
35630252,jeep
2748172710,jeep
357136475,honda
412814569,jeep
2377585882,jeep
2288570768,mazda
24971860,toyota
2830929221,jeep
94154015,jeep
2741408013,bmw
460321060,jeep
422095151,toyota
1634019230,jeep
791979331,jeep
69645374,bmw
3069537987,jeep
503950611,hyundai
1426910964,jeep
189620571,honda
415769202,ford
2326405704,kia
504999336,ford
287170995,honda
2351251836,audi
244258959,jeep
952388761,jeep
135673816,honda
2875697950,jeep
1250287818,ford
2925891747,audi
297544996,jeep
36242337,bmw
372477008,jeep
331219606,jeep
556314063,jeep
1093538546,toyota
107415277,bmw
1373565182,jeep
453650292,jeep
275680926,jeep
240019252,mazda
169648682,jeep
351312983,honda
355993104,jeep
355914969,jeep
1544922656,jeep
357944149,toyota
1576634480,jeep
400844092,jeep
1587857796,jeep
467730032,lexus
3039274216,ford
456439219,honda
84288932,jeep
336587667,jeep
2724726195,kia
2906289642,jeep
405876093,lexus
480254817,chevrolet
505102232,honda
838814762,ford
1084154796,jeep
2914375218,jeep
1535795821,toyota
532308465,jeep
339905044,bmw
2377904873,kia
125905786,jeep
279636823,jeep
802727574,honda
2294104935,honda
612114771,jeep
2898977444,honda
378087709,jeep
980369066,nissan
379931772,jeep
2344519896,jeep
459012673,jeep
314553551,audi
447735047,jeep
44493860,ford
31261486,jeep
2211151189,kia
474481408,mazda
1644297061,audi
380138314,ford
379900966,jeep
618628646,honda
582681311,jeep
310468471,bmw
282127885,jeep
1012466340,jeep
636595178,lexus
77373098,honda
894376009,jeep
2439339846,jeep
88543335,audi
219514126,toyota
33749570,jeep
275222261,honda
58427049,nissan
213779747,jeep
152248473,jeep
2422447710,bmw
868782414,jeep
351181487,toyota
19716803,ford
193944490,toyota
2235250142,jeep
75315133,kia
2710594633,audi
2800790046,jeep
1676865002,audi
27696669,honda
367433570,jeep
3075418635,bmw
700003652,ford
31408075,jeep
548562552,jeep
2796418338,lexus
584133080,ford
420634862,jeep
2858932093,toyota
25195518,nissan
233724283,jeep
359634201,jeep
715258728,jeep
350634096,jeep
219163045,jeep
1972963812,ford
1314838855,hyundai
33249356,ford
546772280,jeep
408202003,jeep
334369686,jeep
334648887,jeep
2348929936,jeep
403194051,jeep
558105971,jeep
259348983,jeep
416776023,kia
462283359,nissan
1873815392,ford
2820790728,audi
348040396,jeep
90175858,lexus
485027534,bmw
892535484,jeep
2760017541,jeep
420640023,jeep
459654963,jeep
145354999,audi
2887889834,bmw
348825938,honda
380117049,audi
314601718,jeep
97779486,bmw
294431053,jeep
1395406063,audi
19029985,mazda
2471512608,ford
37975275,mazda
2535495867,bmw
328348915,bmw
82184982,mazda
90782543,toyota
17707224,bmw
1621865402,jeep
621679650,jeep
229943495,ford
305325512,toyota
2744953193,jeep
213261887,lexus
1636318261,bmw
1219789874,bmw
2177593564,kia
1946537360,toyota
156482523,jeep
918786056,bmw
742207603,jeep
910941438,jeep
68580247,honda
1383000464,toyota
276359996,jeep
1424146507,lexus
300586915,mazda
620319476,jeep
16721577,jeep
719263651,jeep
126486562,honda
123567201,toyota
1424502979,jeep
68952731,audi
263365536,jeep
2405936575,audi
2890836333,ford
135938332,honda
193998711,honda
515801752,jeep
29007018,jeep
7726692,lexus
417598389,honda
1281894320,jeep
2402532271,honda
416531848,jeep
203080712,honda
1064487728,jeep
18985867,audi
619436162,jeep
604264509,honda
1029776467,jeep
3055982695,toyota
411641313,hyundai
2922983368,lexus
29453056,jeep
412668987,jeep
595096013,jeep
259080520,jeep
881675119,honda
253945567,bmw
458257516,honda
371063093,jeep
860335284,jeep
510338742,jeep
240602271,jeep
538496767,audi
3072582747,ford
150462406,honda
27499855,honda
295343892,jeep
219735150,jeep
115784137,audi
552348439,bmw
53820266,hyundai
416059257,jeep
2437713304,ford
2171349354,ford
234773973,jeep
1571277626,jeep
587713495,honda
2583376657,kia
2442873129,audi
217230139,jeep
264251975,bmw
2278190016,jeep
1488962803,jeep
390080902,jeep
1528914584,jeep
2745471448,audi
93703147,jeep
37760985,bmw
627793454,ford
221125026,jeep
76751952,lexus
1855671122,ford
2903213039,jeep
108160156,ford
275254182,jeep
261784108,nissan
407400736,audi
72744397,ford
618556782,jeep
7947072,audi
21894517,ford
2999789010,kia
204198520,bmw
12842872,honda
170869161,jeep
2302154502,jeep
456263970,honda
450379090,jeep
317371054,hyundai
605506349,mazda
87560053,honda
83924492,hyundai
26530949,honda
190034356,honda
243844549,jeep
1676300767,ford
2549267395,ford
1209400015,audi
1066490474,nissan
3072005966,audi
3082793707,audi
87026984,jeep
2994974978,mazda
2932723184,bmw
3078641483,ford
586186018,jeep
525748966,ford
1692708985,honda
809710116,toyota
343893617,jeep
2723412082,jeep
433657791,ford
2945594648,audi
55391863,jeep
1554816666,ford
2238682041,ford
3080988966,bmw
362863170,jeep
16256821,honda
919109400,jeep
1464415135,jeep
91430476,jeep
1039094312,jeep
3078801914,jeep
493757944,honda
1035596509,jeep
3091676517,ford
3084226475,ford
2855065079,honda
2482855609,bmw
575058089,mazda
836058026,jeep
1027005234,ford
312303804,jeep
327044484,bmw
55298758,jeep
2600478836,jeep
594999549,lexus
18620385,jeep
2738724406,bmw
2255591921,jeep
191517804,jeep
140972929,jeep
3075467995,ford
526938027,jeep
1014673790,honda
398565797,jeep
176125108,jeep
2492368603,lexus
425478625,hyundai
1274142307,honda
115539491,lexus
93119774,jeep
14864663,ford
281646092,audi
385633003,jeep
214568395,jeep
2159432663,lexus
2731242323,jeep
55949049,nissan
879192475,jeep
507260128,jeep
1525730634,mazda
1355375233,jeep
382150901,jeep
171323908,audi
239974508,kia
321653743,audi
1006266164,bmw
482663718,ford
527428424,ford
2330534342,ford
440589505,jeep
194864997,jeep
598568995,jeep
2542862371,jeep
2675087576,jeep
802892334,mazda
1283179538,jeep
716700797,bmw
90225707,ford
554782427,mazda
558231769,jeep
224390954,bmw
2842411071,toyota
2827049638,audi
2951255773,nissan
16140999,honda
27804704,jeep
515966081,bmw
64915640,jeep
2962390614,ford
403877504,kia
2909478468,jeep
590336688,kia
305651785,jeep
139506400,lexus
355181625,audi
1343156000,jeep
2179419312,honda
1535106960,ford
437915387,bmw
621510799,jeep
298629743,jeep
338499652,bmw
189037709,bmw
2711541165,jeep
1381007168,jeep
2396757672,nissan
594242496,jeep
2372406213,mazda
169351014,nissan
322601401,jeep
2715708465,jeep
474272744,honda
38368066,jeep
369187606,jeep
153205720,bmw
3034271990,bmw
527231572,honda
426410210,bmw
1206165187,ford
371923922,mazda
719993706,bmw
194581312,lexus
1493090491,bmw
65041602,bmw
2497037370,jeep
610143261,jeep
478657820,jeep
341138763,ford
852140834,jeep
2945242613,bmw
842130954,honda
502338453,ford
3048515410,nissan
562232627,ford
198659667,bmw
365151146,jeep
188908986,lexus
447646261,jeep
398388989,audi
189140542,ford
400223124,jeep
607858475,audi
975082104,jeep
2350474074,jeep
178009133,bmw
381060234,ford
354632716,audi
443312165,kia
2503034482,jeep
2575488025,bmw
430481614,jeep
101180512,jeep
381125255,jeep
566337895,jeep
171303103,lexus
3021481344,jeep
613532273,jeep
66230859,honda
465345059,jeep
587070755,honda
420512413,honda
259724945,honda
2391641611,honda
546260613,jeep
2962604559,jeep
794204766,audi
1537260108,ford
1398361278,jeep
2508873042,nissan
900505896,bmw
144420154,ford
23304334,honda
14678594,bmw
2422487666,jeep
337570670,kia
336871259,bmw
434431874,honda
2332951016,toyota
716567454,nissan
1613757672,honda
2975468046,jeep
244872619,lexus
511365513,jeep
2347918374,nissan
1158907105,toyota
1602652375,jeep
570766308,hyundai
368661935,jeep
915134173,jeep
36706247,jeep
2602134051,jeep
618374806,mazda
2205478308,bmw
604923731,jeep
187674870,lexus
61769808,hyundai
461341934,honda
2263445617,jeep
3027091116,jeep
2693807350,bmw
421610990,nissan
44064291,honda
856768808,jeep
411371248,mazda
2516443590,jeep
382448167,toyota
2389784702,honda
233531231,jeep
326531979,hyundai
455078074,jeep
28869031,jeep
366391649,nissan
2811712112,ford
316191260,jeep
333734234,jeep
494318320,nissan
548306586,honda
158524032,audi
1023071300,jeep
848436308,jeep
720863526,jeep
588635131,honda
1173573649,honda
1497532722,audi
3048430687,jeep
375922448,nissan
246115335,jeep
98969864,honda
3064170858,jeep
3027609211,bmw
798826459,jeep
250815820,lexus
777244254,kia
1571962290,jeep
260354397,jeep
269389370,honda
319791287,audi
610351545,jeep
790609544,kia
602318930,honda
2856182270,audi
373206892,toyota
43855798,mazda
3048824535,ford
110600258,bmw
269628665,jeep
1010808530,honda
1281143030,honda
18266003,ford
2874925137,jeep
1347799022,jeep
814517401,jeep
1713702126,jeep
231673216,kia
440423549,nissan
84186847,jeep
1724329429,jeep
105860075,lexus
580640710,hyundai
109710425,honda
2427886628,jeep
2551919772,honda
373056326,jeep
1582178010,jeep
19870483,bmw
1967444202,honda
2742004294,ford
854091516,honda
329335024,toyota
192263059,nissan
273230356,jeep
28530262,jeep
1286322049,honda
3070794006,jeep
1688351178,jeep
257516496,audi
2326252742,toyota
404506824,audi
307621494,honda
